{
  "scope": "C",
  "documentation": "Feature: [ UI, Admin ]\n\nSummary: Configures and modifies the navigation tree.",
  "version": 2,
  "restricted": false,
  "overridable": true,
  "files": [
    "thumbnail.png",
    "window.bin"
  ],
  "attributes": {
    "xml-format-version": 1,
    "lastModificationSignature": "006e31b1da6a60d28fd1efa6a0934b7b56e1e1998dc34f23d9d3e6f3b0a5e855",
    "lastModification": {
      "actor": "admin",
      "timestamp": "2022-11-19T12:37:20Z"
    },
    "open-on-start": true,
    "parameter-names": "db,id"
  }
}