{
  "scope": "C",
  "version": 2,
  "restricted": false,
  "overridable": true,
  "files": [
    "thumbnail.png",
    "window.bin"
  ],
  "attributes": {
    "lastModification": {
      "actor": "admin",
      "timestamp": "2022-11-12T09:23:32Z"
    },
    "xml-format-version": 1,
    "parameter-names": "canvasDS,datetime,line,lineID,lineTagPath,partno,partrev,selectedDropdownLine,workOrderStatus,workorder",
    "lastModificationSignature": "20376952e0bc10f123ea3209c821a5eafab8f76fea5f9128ef126cce80114cdd"
  }
}