{
  "scope": "C",
  "documentation": "Feature: [ UI ]\n\nSummary: Navigation tree.\n  Centralizes the listing of windows the logged in user can access.",
  "version": 2,
  "restricted": false,
  "overridable": true,
  "files": [
    "thumbnail.png",
    "window.bin"
  ],
  "attributes": {
    "lastModification": {
      "actor": "admin",
      "timestamp": "2022-11-19T12:37:22Z"
    },
    "xml-format-version": 1,
    "open-on-start": true,
    "parameter-names": "area,role,site,touchscreenMode",
    "lastModificationSignature": "323c75b589cd708c1a93b8c0ec235df438e2325582a98925a593f430ff2e9d5d"
  }
}